"region","country","event_title","year_start","year_end","decade","category","description_tr"
"Africa","Algeria","Cezayir Bağımsızlık Savaşı","1954","1962","1950s","Savas/Catisma","FLN öncülüğündeki bağımsızlık savaşı, Cezayir’i Fransa’ya karşı uzun ve yıkıcı bir çatışmaya sürükledi. Şehir gerillası, köy boşaltmaları ve sert karşı operasyonlar, hem Cezayir hem Fransa siyasetinde derin izler bıraktı.

1962’de bağımsızlıkla sonuçlanan savaş, sömürgesizleşme dalgasının en kanlı örneklerinden biri olarak anılır. Cezayir’de ordu ve devrimci meşruiyet, sonraki siyasal düzenin temel dayanağı haline geldi."
"Africa","Algeria","1965 Boumediene Darbesi","1965","1965","1960s","Devrim/Rejim Degisikligi","1965’te Savunma Bakanı Houari Boumediene’nin darbesi, bağımsızlık sonrası Cezayir’de iktidarın ordu-merkezli biçimde konsolide olduğunu gösterdi. Devrimci meşruiyet söylemi korunurken siyasal alan daraltıldı.

Boumediene dönemi, sanayileşme ve devletçilik politikalarıyla anılsa da tek parti düzeni güçlendi. Bu miras, Cezayir’de “ordu ve devlet” ilişkisinin uzun vadeli belirleyicilerinden biri oldu."
"Africa","Algeria","1990'lar İç Savaşı (Kara On Yıl)","1991","2002","1990s","Savas/Catisma","1991 seçimlerinin iptali sonrası İslamcı gruplar ile devlet arasında patlayan çatışma, 1990’larda “Kara On Yıl” diye anılan iç savaşa dönüştü. Katliamlar, köy baskınları ve şehirlerde bombalı saldırılar binlerce can aldı.

Savaş, toplumda büyük bir travma ve siyasal kapanma yarattı. 2000’lerde kısmi normalleşme görülse de güvenlik-devlet refleksleri ve siyasal alanın darlığı bu mirasın uzantısı olarak sürdü."
"Africa","Algeria","2019 Hirak Protestoları","2019","2019","2010s","Devrim/Rejim Degisikligi","2019’da milyonlarca Cezayirli “Hirak” protestolarıyla uzun süreli iktidar yapısına karşı sokağa çıktı. Gösteriler, Abdülaziz Buteflika’nın beşinci dönem adaylığına itirazla başladı ve daha geniş bir sistem eleştirisine dönüştü.

Hareket, rejimin “yumuşak” kadro değişimleriyle krizi yönetmeye çalıştığını gösterdi; ancak demokratikleşme beklentileriyle güvenlik-devlet refleksleri arasındaki gerilim sürdü. Hirak, Cezayir’de toplumsal mobilizasyonun yeni sembolü oldu."
"Africa","Angola","1975 Bağımsızlık ve İç Savaşın Başlangıcı","1975","1975","1970s","Devrim/Rejim Degisikligi","Angola 1975’te Portekiz’den bağımsızlığını ilan etti; ancak iktidar paylaşımı anlaşmazlığı anında iç savaşa dönüştü. Soğuk Savaş koşullarında dış destekler, çatışmayı hızla uluslararasılaştırdı.

Bağımsızlık, Angola’nın “kurucu anı” olsa da devletin daha ilk günden savaş ekonomisine sıkışmasına yol açtı. Sonraki on yıllar, kaynak gelirlerinin güvenlik ve patronaj için kullanılmasının yarattığı kalıcı sorunlarla geçti."
"Africa","Angola","Angola İç Savaşı","1975","2002","1970s","Savas/Catisma","1975’te bağımsızlığın hemen ardından MPLA, UNITA ve FNLA arasında başlayan iç savaş, dış güçlerin de dahil olmasıyla uzun bir vekâlet savaşına dönüştü. Petrol ve elmas gelirleri, savaş ekonomisini besledi.

2002’de Jonas Savimbi’nin ölümüyle savaş sona erdi ve Angola yeniden inşa sürecine girdi. Ancak kaynak bağımlılığı ve yönetim sorunları, barış sonrası kalkınmanın önündeki temel engeller olarak kaldı."
"Africa","Burkina Faso","2014 Halk Ayaklanması ve Sonraki Darbeler","2014","2022","2010s","Devrim/Rejim Degisikligi","2014’te Blaise Compaoré’nin iktidarı uzatma girişimine karşı başlayan protestolar, yönetimin devrilmesiyle sonuçlandı. Bu, “sivil mobilizasyon”un otoriter rejimi gerilettiği güçlü bir örnek oldu.

Ancak 2022’de art arda darbeler, güvenlik krizinin (Sahel cihatçı şiddeti) siyaseti nasıl belirlediğini gösterdi. Burkina Faso, devletin kırsalda otorite kurmakta zorlandığı bir güvenlik sarmalına girdi."
"Africa","Burundi","2015 Krizi ve Siyasal Şiddet","2015","2017","2010s","Savas/Catisma","2015’te üçüncü dönem tartışmaları ve başarısız darbe girişimi, Burundi’de şiddet, baskı ve göç dalgası üretti. Siyasi alan daralırken, güvenlik kurumları üzerindeki kontrol tartışmaları yoğunlaştı.

Kriz, Ruanda ve DRC gibi komşulara mülteci akınını artırdı ve Büyük Göller bölgesinin kırılganlığını yeniden gündeme taşıdı. Burundi, “anayasal sınırlar”ın aşınmasının güvenlik krizine dönüşebileceğinin örneği oldu."
"Africa","Cameroon","Boko Haram’ın Kamerun’a Yayılması","2014","2020","2010s","Teror Saldirisi","Boko Haram’ın Nijerya sınırından Kamerun’un Uzak Kuzey bölgesine taşması, 2010’ların ortasında yeni bir güvenlik cephesi açtı. Köy baskınları, intihar saldırıları ve kaçırmalar sınır bölgesinde hayatı felç etti.

Kamerun, çoklu kriz yönetmek zorunda kaldı: hem Boko Haram tehdidi hem Anglophone krizi aynı dönemde büyüdü. Bu, devlet kaynaklarını bölerek güvenlik ve yönetişim sorunlarını ağırlaştırdı."
"Africa","Cameroon","Anglophone Krizi","2016","2024","2010s","Savas/Catisma","Kamerun’un İngilizce konuşulan bölgelerinde 2016’da başlayan protestolar, kısa sürede ayrılıkçı silahlı hareket ve devletle çatışmaya dönüştü. Eğitim ve hukuk sistemindeki eşitsizlik iddiaları, kimlik siyasetiyle birleşerek şiddeti tırmandırdı.

Kriz, ülkenin federalizm/merkezileşme tartışmalarını canlandırdı ve insani yerinden edilmeyi artırdı. Uzayan çatışma, Kamerun’un istikrarını ve bölgesel güvenlik işbirliğini zorlayan bir başlık haline geldi."
"Africa","Central African Republic","2013 Krizi ve Séléka–Anti-balaka Çatışması","2013","2015","2010s","Savas/Catisma","2013’te Séléka koalisyonunun iktidarı ele geçirmesi, karşılık olarak Anti-balaka milislerinin ortaya çıkmasıyla mezhepsel/kimlik temelli şiddeti tırmandırdı. Devlet otoritesi çökerken kitlesel yerinden edilme yaşandı.

Uluslararası barış gücü ve arabuluculuk girişimleri, şiddeti azaltmaya çalışsa da ülke parçalı kontrol alanlarına bölündü. CAR, zayıf devlet kapasitesinin dış aktör rekabetiyle birleştiğinde nasıl kronik krize dönüştüğünün örneğidir."
"Africa","Chad","1990 Idriss Déby’nin İktidarı Ele Alması","1990","1990","1990s","Devrim/Rejim Degisikligi","1990’da Idriss Déby’nin iktidarı ele geçirmesi, Çad’da uzun süreli bir askerî-siyasi düzenin başlangıcı oldu. Ülke, Libya ile geçmiş çatışmaların ve iç isyanların ardından güvenlik öncelikli bir yönetim modeline yöneldi.

Déby dönemi, Sahel’de terörle mücadelede dış ortaklıklar ve askerî kapasiteyle öne çıktı. Ancak siyasal rekabetin sınırlılığı ve bölgesel isyanlar, rejimin kırılgan yönleri olarak kaldı."
"Africa","Chad","2021 Déby’nin Ölümü ve Geçiş Krizi","2021","2021","2020s","Devrim/Rejim Degisikligi","2021’de Idriss Déby’nin cephede ölümü, Çad’da ani bir güç boşluğu ve geçiş süreci başlattı. Askerî konseyin yönetimi devralması, anayasal düzen ve meşruiyet tartışmalarını büyüttü.

Çad, Sahel güvenliğinde kritik bir askeri aktör olduğundan, geçiş krizi bölgesel güvenliği de etkiledi. İç uzlaşı, isyancı gruplar ve dış ortaklıklar arasındaki denge 2020’lerin temel başlığı haline geldi."
"Africa","Côte d’Ivoire","2002–2007 İç Savaş ve Bölünme","2002","2007","2000s","Savas/Catisma","2002’de başlayan isyan, Fildişi Sahili’ni fiilen kuzey-güney diye bölen bir iç savaşa dönüştürdü. Kimlik siyaseti (“ivoirité”), vatandaşlık tartışmaları ve ekonomik çıkarlar şiddeti besledi.

Ateşkesler ve barış anlaşmaları, ülkeyi kısmen istikrara taşısa da 2010 seçim krizi bu yaraların kapanmadığını gösterdi. Ülke, kimlik ve siyasal aidiyet tartışmalarının güvenlik krizine dönüşebileceğine dair örnek oldu."
"Africa","Côte d’Ivoire","2010–2011 Seçim Krizi ve İç Çatışma","2010","2011","2010s","Savas/Catisma","2010 seçimleri sonrası sonuçların kabul edilmemesi, Laurent Gbagbo ve Alassane Ouattara arasında ikili meşruiyet krizi yarattı. Çatışmalar, ülkeyi yeniden iç savaş eşiğine getirdi ve binlerce insan yerinden edildi.

Kriz, uluslararası tanıma, barış gücü ve bölgesel örgütlerin rolünü öne çıkardı. Sonrasında istikrar arayışı sürse de kimlik siyaseti ve kuzey-güney ayrışması uzun süre etkili oldu."
"Africa","DRC","1960 Kongo Krizi ve Lumumba","1960","1965","1960s","Devrim/Rejim Degisikligi","1960’ta bağımsızlığın hemen ardından Kongo’da ordu isyanı, Katanga ayrılığı ve büyük güç rekabetiyle “Kongo Krizi” patladı. Başbakan Patrice Lumumba’nın öldürülmesi, Soğuk Savaşın Afrika’daki en dramatik müdahale örneklerinden biri olarak anıldı.

Kriz, Joseph-Désiré Mobutu’nun yükselişine ve uzun süreli otoriter yönetime zemin hazırladı. DRC’de devlet kapasitesi sorunu ve kaynak zenginliğinin ‘laneti’ bu kurucu dönemde şekillendi."
"Africa","DRC","1965–1997 Mobutu Dönemi","1965","1997","1960s","Onemli Lider","Mobutu Sese Seko’nun uzun iktidarı, Zaire/DRC’de kişiselleşmiş yönetim, yolsuzluk ve dış destek dengeleriyle sürdü. Soğuk Savaşta anti-komünist duruş, rejime uluslararası koruma sağladı.

Ancak devlet kurumları zayıfladı; altyapı ve kamu hizmetleri çökerken elit patronajı güçlendi. 1990’ların ortasında bölgesel savaş dalgası, bu kırılgan yapıyı hızla dağıttı."
"Africa","Democratic Republic of the Congo","Birinci ve İkinci Kongo Savaşları","1996","2003","1990s","Savas/Catisma","1990’ların sonundaki Kongo savaşları, Ruanda Soykırımı sonrası bölgesel şoklar, kaynak rekabeti ve zayıf devlet kapasitesinin birleşimiyle patladı. Birçok komşu ülke ve sayısız milis grubu sahaya girdi; çatışma “Afrika’nın Dünya Savaşı” olarak anıldı.

2000’ler boyunca barış anlaşmalarına rağmen doğu DRC’de şiddet düşük yoğunluklu biçimde sürdü. Koltan, altın ve diğer madenler etrafındaki savaş ekonomisi, devlet otoritesini sürekli aşındıran bir mekanizma yarattı."
"Africa","Democratic Republic of the Congo","Doğu Kongo’da M23 ve Süregelen İstikrarsızlık","2012","2024","2010s","Savas/Catisma","Doğu Kongo’da M23 gibi silahlı grupların yeniden canlanması, sınır ötesi destek iddiaları ve maden ekonomisi nedeniyle çatışmayı kronikleştirdi. Yerinden edilme ve sivillere yönelik saldırılar, bölgeyi kalıcı bir insani krize itti.

Bu dosya, Büyük Göller bölgesinde güvenlik ile diplomasi arasındaki dengesizliği gösteriyor: barış gücü, bölgesel arabuluculuk ve yerel milis ekonomisi aynı anda var oluyor. DRC’nin egemenlik kapasitesi, bu döngü içinde sürekli test ediliyor."
"Africa","Egypt","1952 Hür Subaylar Darbesi ve Monarşinin Sonu","1952","1952","1950s","Devrim/Rejim Degisikligi","Hür Subaylar Hareketi’nin 1952’deki darbesi, Mısır’da monarşiyi bitirip cumhuriyet dönemini başlattı. Bu, sömürge sonrası Arap dünyasında anti-emperyalist ve modernleşmeci projelerin en etkili örneklerinden biri oldu.

Gamal Abdünnasır’ın yükselişiyle devletçilik, Pan-Arabizm ve bölgesel liderlik iddiası güçlendi. Mısır, Süveyş Krizi ve Arap-İsrail savaşlarında kilit aktöre dönüşerek Afrika-Ortadoğu jeopolitiğinin merkezine oturdu."
"Africa","Egypt","1956 Süveyş Krizi","1956","1956","1950s","Savas/Catisma","Nasır’ın Süveyş Kanalı’nı millîleştirmesi, Birleşik Krallık-Fransa-İsrail’in askerî müdahalesini tetikledi. ABD ve SSCB baskısıyla geri çekilme, sömürge düzeninin çözüldüğünü simgeleyen bir jeopolitik şok yarattı.

Süveyş, Mısır’ın Arap dünyasında prestijini artırırken Batı Avrupa’nın bölgesel rolünü azalttı. Kanal ve deniz ticareti, o günden beri Mısır’ın stratejik “geçit ülkesi” kimliğinin temelidir."
"Africa","Egypt","1967 Altı Gün Savaşı'nın Mısır Etkisi","1967","1967","1960s","Savas/Catisma","1967’deki Altı Gün Savaşı, Mısır’ın Sina’yı kaybetmesiyle büyük bir askerî ve psikolojik yenilgi yarattı. Arap dünyasında liderlik iddiası darbe aldı; ordunun yeniden inşası öncelik haline geldi.

Bu yenilgi, 1973’teki savaş ve ardından Camp David sürecine giden stratejik yön değişimini hazırladı. Mısır’ın güvenlik ve dış politika doktrini, bu şokun gölgesinde yeniden yazıldı."
"Africa","Egypt","1973 Ekim Savaşı ve Camp David'e Giden Yol","1973","1979","1970s","Savas/Catisma","1973 Ekim Savaşı’nda Mısır, Sina’da sürpriz saldırıyla 1967’nin travmasını tersine çevirmeye çalıştı. Savaşın ilk aşamalarındaki başarı, rejim için iç meşruiyeti güçlendirdi.

Sonraki yıllarda Enver Sedat, ABD arabuluculuğuyla Camp David anlaşmalarına yöneldi. Bu adım, İsrail’le barış karşılığında Sina’nın geri alınması ve Mısır’ın bölgesel ittifaklarında belirgin bir yön değişimi anlamına geldi."
"Africa","Egypt","2011 Devrimi ve 2013 Askerî Müdahale","2011","2013","2010s","Devrim/Rejim Degisikligi","2011’de Tahrir Meydanı protestoları, Hüsnü Mübarek’in devrilmesine yol açarak Arap Baharı’nın en sembolik anlarından birini yarattı. Seçimle gelen yönetim kısa sürede derin kutuplaşma ve kurumlar arası krizle karşılaştı.

2013’te ordu müdahalesi ve ardından gelen yeni yönetim, güvenlik-devlet yaklaşımını güçlendirdi. Bu dönem, demokratik geçişin kırılganlığını ve Mısır’ın bölgesel rolünü yeniden tanımlayan bir dönemeç oldu."
"Africa","Eritrea","Eritre Bağımsızlığı ve Sınır Savaşı","1993","2000","1990s","Savas/Catisma","Eritre 1993’te bağımsızlığını kazanarak Afrika Boynuzu’nun siyasi haritasını değiştirdi. Ancak sınırların netleşmemesi ve ekonomik-siyasi rekabet, 1998–2000 Etiyopya-Eritre Savaşı’nı doğurdu.

Savaş, iki ülkenin kalkınma kaynaklarını güvenliğe yönlendirdi ve uzun süreli düşmanlık üretti. 2018’deki yakınlaşma umut yaratsa da bölgesel ittifaklar ve iç dinamikler nedeniyle kalıcı normalleşme kırılgan kaldı."
"Africa","Eritrea","1998–2000 Etiyopya-Eritre Sınır Savaşı","1998","2000","1990s","Savas/Catisma","Sınırın küçük bir kesimi üzerindeki anlaşmazlık, 1998–2000 arasında büyük ölçekli bir devletlerarası savaşa dönüştü. Siper savaşları ve yoğun kayıplar, iki ülkenin kalkınma kaynaklarını tüketti.

Savaş sonrası “ne savaş ne barış” dönemi, Eritre’de sert güvenlik devleti ve zorunlu askerlik sistemini pekiştirdi. 2018’deki yakınlaşma umut yaratsa da bölgesel ittifaklar nedeniyle normalleşme kırılgan kaldı."
"Africa","Ethiopia","1935–1941 İtalya İşgali ve Direniş","1935","1941","1930s","Savas/Catisma","1935’te Mussolini İtalya’sının Etiyopya’yı işgali, Afrika’daki sömürgecilik karşıtı duyarlılığı sert biçimde yükseltti. Kimyasal silah kullanımı iddiaları ve Addis Ababa’nın düşüşü, dönemin en büyük uluslararası krizlerinden biriydi.

1941’de işgalin sona ermesi ve Haile Selassie’nin dönüşü, Etiyopya’nın bağımsızlık sembolünü güçlendirdi. Olay, II. Dünya Savaşı’nın Afrika sahnesiyle sömürgesizleşme fikirlerini birbirine bağladı."
"Africa","Ethiopia","Etiyopya Devrimi ve Derg Rejimi","1974","1991","1970s","Devrim/Rejim Degisikligi","1974’te monarşinin devrilmesiyle Etiyopya’da Derg adlı askerî yönetim kuruldu. Toprak reformu, devletçilik ve sert güvenlik politikalarıyla ülke yeniden yapılandırılmak istendi; “Kızıl Terör” dönemi ağır baskılarla anıldı.

Bu dönem, Eritre ve Tigray gibi bölgelerdeki isyanlarla birlikte uzun süreli savaşları tetikledi. 1991’de Derg’in düşmesiyle federal yapı ve etnik temelli siyaset gündeme gelirken, eski fay hatları yeni biçimlerde varlığını sürdürdü."
"Africa","Ethiopia","1977–1978 Ogaden Savaşı","1977","1978","1970s","Savas/Catisma","Somali’nin Ogaden bölgesini ele geçirme girişimi, 1977–1978’de Etiyopya ile büyük bir savaşa dönüştü. Soğuk Savaş dengeleri içinde dış desteklerin yön değiştirmesi (özellikle SSCB’nin Etiyopya’ya kayması) savaşın seyrini belirledi.

Savaş, Afrika Boynuzu’nda milliyetçilik, sınır ve etnik meselelerin nasıl devletlerarası çatışmaya dönüşebileceğini gösterdi. Ogaden sonrası bölge, uzun süre militarize kaldı ve Somali’nin iç istikrarsızlığı derinleşti."
"Africa","Ethiopia","1984–1985 Kıtlık ve İnsani Kriz","1984","1985","1980s","Savas/Catisma","1984–1985 kıtlığı, kuraklıkla birlikte savaş, zorunlu yer değiştirmeler ve yanlış politikaların birleşimiyle Etiyopya’da büyük bir insani felakete dönüştü. Milyonlarca insanın etkilendiği kriz, küresel yardım seferberliğini de tetikledi.

Kıtlık, Derg rejiminin meşruiyetini zayıflattı ve “insani kriz–siyaset” ilişkisinin nasıl iç içe geçtiğini gösterdi. Etiyopya’da merkezî yönetim ile çevre bölgeler arasındaki gerilimin toplumsal maliyeti bu dönemde çok görünür oldu."
"Africa","Ethiopia","Eritre’nin Bağımsızlığı (Referandum)","1993","1993","1990s","Devrim/Rejim Degisikligi","1993’te yapılan referandumla Eritre’nin bağımsızlığı, Etiyopya’nın denize çıkışını kaybetmesi ve federal kimlik tartışmalarının derinleşmesi anlamına geldi. Bu karar, Afrika Boynuzu’nun jeopolitik dengelerini yeniden kurdu.

Bağımsızlık, kısa vadede iki ülke arasında “kardeş” ilişkisi beklentisi yaratsa da sınır ve ekonomik anlaşmazlıklar hızla büyüdü. 1998 savaşına giden gerilim, bu kurucu dönemde birikmeye başladı."
"Africa","Ethiopia","2018 Abiy Ahmed ve Reform–Çatışma Dönemi","2018","2019","2010s","Onemli Lider","2018’de Abiy Ahmed’in iktidara gelişi, siyasi tutukluların serbest bırakılması ve Eritre ile barış gibi adımlarla büyük bir reform umudu yarattı. Nobel Barış Ödülü, bu dönüşümün sembolü haline geldi.

Ancak reform süreci, etnik rekabetin ve federal gerilimlerin şiddetlenmesiyle aynı döneme denk geldi. Bu ikilik, Etiyopya’da “liberalizasyon mu, parçalanma riski mi?” sorusunu 2020’lere taşıdı."
"Africa","Ethiopia","2020–2022 Tigray Savaşı","2020","2022","2020s","Savas/Catisma","2020’de Tigray bölgesinde patlayan çatışma, Etiyopya’nın modern tarihindeki en yıkıcı iç savaşlardan birine dönüştü. Federal güçler, bölgesel unsurlar ve komşu aktörlerin etkisiyle savaş hızla tırmandı; insani kriz ve yerinden edilme büyük boyutlara ulaştı.

2022’de ateşkes anlaşması çatışmayı azaltırken, ülkenin federal düzeni, kimlik siyaseti ve güvenlik mimarisi tartışmaları sürüyor. Savaş, Afrika Boynuzu’ndaki kırılganlığı ve bölgesel güvenlik zincirini yeniden görünür kıldı."
"Africa","Gabon","1967–2009 Omar Bongo Dönemi","1967","2009","1960s","Onemli Lider","Omar Bongo’nun uzun iktidarı, Gabon’da istikrar ile otoriter yönetim arasındaki çizgiyi temsil eder. Petrol gelirleri sayesinde devlet ayakta kaldı; ancak siyasal rekabetin sınırlı olması ve patronaj düzeni eleştirileri büyüdü.

Bongo dönemi, Fransa ile ilişkiler ve “Françafrique” tartışmaları açısından da simgeseldir. Liderliğin kişiselleşmesi, 2000’lerde kurumsal dönüşümü zorlaştıran kalıcı bir miras bıraktı."
"Africa","Ghana","1957 Bağımsızlık ve Nkrumah","1957","1966","1950s","Onemli Lider","Gana 1957’de bağımsızlığını kazanarak Sahra-altı Afrika’da sömürgesizleşmenin öncülerinden biri oldu. Kwame Nkrumah, Pan-Afrika vizyonu ve hızlı modernleşme programlarıyla dönemin en etkili liderlerinden biri haline geldi.

Nkrumah’ın otoriterleşme suçlamaları ve ekonomik baskılar 1966’da darbeye giden yolu açtı. Buna rağmen Gana’nın bağımsızlığı, Afrika’da “bağımsızlık dalgası”nın sembolik başlangıç noktalarından biri olarak kabul edilir."
"Africa","Ghana","1981 Jerry Rawlings Darbesi ve Dönüşüm","1981","1992","1980s","Devrim/Rejim Degisikligi","1981’de Jerry Rawlings’in darbesi, Gana’da askeri yönetim ve ekonomik yeniden yapılanma dönemini başlattı. Sert tedbirler ve devlet reformları, 1980’lerin ekonomik krizini yönetme arayışının parçasıydı.

1992’de anayasa ve seçimlerle sivil yönetime dönüş, Gana’yı bölgedeki daha istikrarlı demokrasilerden biri haline getirdi. Bu deneyim, kurumsal geçişin “kademeli” biçimde de mümkün olabileceğini gösterdi."
"Africa","Kenya","Mau Mau Ayaklanması","1952","1960","1950s","Savas/Catisma","1950’lerde Mau Mau isyanı, İngiliz sömürge yönetimine karşı özellikle Kikuyu toplulukları içinde gelişen silahlı direnişti. Sert karşı önlemler, toplama kampları ve ağır hak ihlalleri iddialarıyla anıldı.

İsyan, Kenya’nın bağımsızlığa giden yolunu hızlandırdı ve sömürge sonrası toprak, kimlik ve eşitlik tartışmalarının temel referansına dönüştü. Bağımsız Kenya’nın siyasal hafızasında “kurucu mücadele” olarak yer aldı."
"Africa","Kenya","1998 Nairobi ABD Büyükelçiliği Bombalaması","1998","1998","1990s","Teror Saldirisi","1998’de Nairobi’deki ABD Büyükelçiliği’ne yapılan bombalı saldırı, El-Kaide bağlantılı küresel terör ağlarının Doğu Afrika’da ne kadar yıkıcı olabileceğini gösterdi. Yüzlerce sivil hayatını kaybetti ve şehir merkezinde ağır hasar oluştu.

Saldırı, Kenya’nın güvenlik gündemini uluslararası terörle mücadele eksenine taşıdı. İstihbarat, sınır kontrolü ve radikalleşme tartışmaları, sonraki yıllarda politikaların ana başlığı haline geldi."
"Africa","Kenya","2007–2008 Seçim Sonrası Şiddet","2007","2008","2000s","Savas/Catisma","2007 seçimleri sonrası hile iddiaları, Kenya’da etnik çizgilerde şiddet patlamasına yol açtı. Sokak çatışmaları ve misillemeler yüzbinlerce insanı yerinden etti; devletin tarafsızlığı tartışıldı.

Kriz, anayasa reformu ve uzlaşı hükümetiyle kısmen yönetildi. Kenya, seçimlerin “güvenlik olayı”na dönüşme riskini ve kurumsal reform ihtiyacını bu deneyimle sert biçimde öğrendi."
"Africa","Kenya","2013 Westgate Alışveriş Merkezi Saldırısı","2013","2013","2010s","Teror Saldirisi","2013’te Nairobi’deki Westgate alışveriş merkezine yapılan saldırı, El-Şebab’ın Kenya’yı hedef alan en ses getiren eylemlerinden biri oldu. Günler süren kuşatma, çok sayıda sivilin ölümüyle sonuçlandı.

Saldırı, Kenya’nın Somali’deki askerî varlığı ve sınır güvenliği tartışmalarını sertleştirdi. Turizm ve iç siyaset üzerindeki etkileri, terörün ekonomik ve toplumsal maliyetini görünür kıldı."
"Africa","Kenya","2015 Garissa Üniversite Saldırısı","2015","2015","2010s","Teror Saldirisi","2015’te Garissa Üniversitesi’ne yapılan saldırı, El-Şebab’ın Kenya içinde kitlesel can kaybı hedefleyen en kanlı eylemlerinden biri oldu. Öğrenciler hedef alındı ve ülke genelinde büyük bir şok yaşandı.

Saldırı, sınır güvenliği ve radikalleşme politikalarını sertleştirirken Müslüman topluluklarla ilişkilerde de gerilim yarattı. Kenya, terörle mücadelede güvenlik ve haklar dengesini yeniden tartışmak zorunda kaldı."
"Africa","Liberia","1989–2003 İç Savaşlar","1989","2003","1980s","Savas/Catisma","Charles Taylor’ın yükselişiyle başlayan çatışmalar, Liberia’yı iki iç savaş dalgasıyla yıktı. Etnik ve siyasi rekabet, bölgesel müdahaleler ve savaş ekonomisi şiddeti besledi.

2003 sonrası barış süreci ve seçimler ülkeyi toparlamaya çalıştı. Liberia deneyimi, Batı Afrika’da sınır ötesi silahlı ağların ve liderlik krizlerinin domino etkisini göstermesi açısından önemli oldu."
"Africa","Libya","1969 Kaddafi Darbesi","1969","1969","1960s","Devrim/Rejim Degisikligi","1969’da Muammer Kaddafi’nin darbesi, Libya’da monarşiyi devirdi ve radikal bir cumhuriyet projesini başlattı. Petrol gelirleriyle sosyal programlar yürütülürken, dış politikada devrim ihracı ve sert anti-Batı çizgisi öne çıktı.

Kaddafi dönemi, Afrika ve Ortadoğu’da vekâlet ağları, müdahaleler ve yaptırımlarla şekillendi. 2011’de rejimin çöküşü, kurumsal boşluk ve parçalanmanın ne kadar derin olduğunu da ortaya koydu."
"Africa","Libya","2011 İç Savaş ve Kaddafi Sonrası Bölünme","2011","2020","2010s","Savas/Catisma","2011’de başlayan ayaklanma ve NATO müdahalesi, Muammer Kaddafi’nin devrilmesiyle sonuçlandı; ancak devlet kurumları çökerken ülke milisler, kabile dengeleri ve dış aktörlerin rekabetiyle parçalı bir yapıya sürüklendi.

2010’lar boyunca Trablus merkezli yönetimler, Tobruk/doğu ekseni ve farklı silahlı gruplar arasında çatışmalar sürdü. Libya, Sahel’den Akdeniz’e uzanan güvenlik, göç ve enerji jeopolitiğinde bir “boşluk alanı” örneğine dönüştü."
"Africa","Mali","2012 Darbe ve Kuzeyde İsyan","2012","2013","2010s","Devrim/Rejim Degisikligi","2012’deki darbe, Mali’nin kurumsal kapasitesini zayıflatırken kuzeyde Tuareg isyanı ve cihatçı grupların alan kazanmasıyla ülke bölündü. Timbuktu gibi şehirler silahlı grupların kontrolüne geçti; kültürel miras tahribatı gündeme geldi.

Fransa’nın 2013 müdahalesi (Serval) ve ardından uluslararası misyonlar, kısa vadede ilerlemeyi durdurdu. Ancak Sahel’de devlet zayıflığı, sınır ötesi ağlar ve yerel şikâyetler nedeniyle kriz kronikleşti."
"Africa","Mali","2015 Bamako Radisson Blu Saldırısı","2015","2015","2010s","Teror Saldirisi","2015’te Bamako’daki Radisson Blu oteline yapılan saldırı, Sahel’deki cihatçı ağların başkentleri hedefleyebildiğini gösterdi. Rehine krizi uluslararası gündemde büyük yankı uyandırdı.

Saldırı, Mali’nin güvenlik sorununun yalnızca kuzeyle sınırlı olmadığını kanıtladı. Turizm, yatırımlar ve devletin şehir güvenliği kapasitesi üzerindeki etkileri uzun süre tartışıldı."
"Africa","Mali","2020–2021 Darbeler ve Yönetim Krizi","2020","2021","2020s","Devrim/Rejim Degisikligi","2020’de başlayan darbe süreci ve 2021’deki ikinci müdahale, Mali’de geçiş yönetimini uzattı ve dış ilişkileri gerdi. Güvenlik tehdidi sürerken, siyasal meşruiyet sorunu derinleşti.

Bu dönem, Sahel’de “güvenlik için otoriterleşme mi, demokrasi mi?” ikilemini somutlaştırdı. Terörle mücadele, dış askeri varlıklar ve yerel milis dengeleri Mali’nin jeopolitiğini belirlemeye devam ediyor."
"Africa","Mali","2023–2024 BM Misyonu Çekilmesi ve Güvenlik Boşluğu","2023","2024","2020s","Savas/Catisma","Mali’de güvenlik krizi sürerken uluslararası misyonların çekilmesi ve yeniden konumlanması, sahada “boşluk” ve belirsizlik tartışmalarını artırdı. Devlet, bazı bölgelerde kontrolü yeniden kurmaya çalışırken cihatçı gruplar ve yerel milis ağları varlığını sürdürdü.

Bu süreç, Sahel’de dış askeri varlıkların sınırlarını ve yerel kapasite sorununu ortaya koydu. Güvenlik mimarisindeki değişim, komşu ülkelerde de sınır ötesi riskleri büyüttü."
"Africa","Morocco","1956 Bağımsızlık ve Monarşinin Konsolidasyonu","1956","1956","1950s","Devrim/Rejim Degisikligi","Fas 1956’da Fransız (ve kısmen İspanyol) himayesinden çıkarak bağımsız oldu. Monarşi, ulusal birleştirici çatı olarak konumlanıp devlet kurumlarını hızla merkezileştirdi.

Bağımsızlık sonrası dönem, muhalefetle gerilim ve “güvenlik devleti” tartışmalarıyla da şekillendi. Buna rağmen monarşi, rejim sürekliliğini koruyarak Mağrip’te kendine özgü bir istikrar modeli sundu."
"Africa","Morocco","Batı Sahra Çatışması ve Sahra Meselesi","1975","2020","1970s","Savas/Catisma","1975 sonrası Batı Sahra üzerindeki egemenlik tartışması, Fas ile Polisario Cephesi arasında uzun süreli bir çatışmaya dönüştü. Ateşkes ve BM süreci, sorunu dondursa da nihai statü meselesi çözülmedi.

Batı Sahra, Mağrip’te Fas–Cezayir rekabetinin de başlıca başlıklarından biri oldu. Diplomatik tanınma hamleleri ve bölgesel ittifaklar, 2000’ler ve 2010’larda bu dosyayı yeniden jeopolitik pazarlıkların merkezine taşıdı."
"Africa","Morocco","2011 Anayasa Reformu ve Protestoların Yönetimi","2011","2011","2010s","Devrim/Rejim Degisikligi","2011’de bölgesel Arap Baharı dalgası Fas’ta da protestoları tetikledi. Monarşi, anayasa reformu ve yetki dağılımı vaatleriyle krizi “kontrollü reform” üzerinden yönetmeyi tercih etti.

Bu strateji, rejim sürekliliğini korurken siyasal katılım taleplerini kısmen soğurdu. Fas örneği, reformun “önleyici” bir araç olarak kullanılabileceğini gösteren vaka olarak anılır."
"Africa","Mozambique","1975 Bağımsızlık ve Soğuk Savaş Gerilimi","1975","1975","1970s","Devrim/Rejim Degisikligi","Mozambik 1975’te bağımsız olurken FRELIMO’nun sosyalist çizgisi, bölgesel güç dengelerinde yeni gerilimler yarattı. Komşu rejimler ve dış aktörler, iç muhalefeti destekleyerek çatışmayı besledi.

Bağımsızlık sonrası devlet inşası, savaş ve yoksullukla eşzamanlı yürüdü. Bu yüzden Mozambik’te “kalkınma” ile “güvenlik” sürekli birbirine kilitlenen iki başlık oldu."
"Africa","Mozambique","Mozambik İç Savaşı (FRELIMO–RENAMO)","1977","1992","1970s","Savas/Catisma","Bağımsızlık sonrası Mozambik’te FRELIMO hükümeti ile RENAMO isyanı arasında yaşanan iç savaş, Soğuk Savaş rekabetinin yerel çatışmaları nasıl beslediğinin örneğidir. Köyler yakıldı, mayınlar ve zorla göç geniş çaplı insani yıkım yarattı.

1992 barış anlaşmasıyla savaş bitti ve çok partili dönem başladı. Yine de 2010’lar ve 2020’lerde RENAMO gerilimi ve kuzeyde yeni şiddet dalgaları, barışın “tam kapanmadığını” gösterdi."
"Africa","Mozambique","Cabo Delgado İsyanı","2017","2024","2010s","Teror Saldirisi","Mozambik’in Cabo Delgado bölgesinde 2017’den itibaren cihatçı bağlantılı isyan, doğal gaz projelerinin bulunduğu stratejik alanda güvenlik krizine dönüştü. Köy baskınları, kafa kesmeler ve kent saldırıları bölgeyi istikrarsızlaştırdı.

Devletin sınırlı kapasitesi, bölgesel askerî destek ve özel güvenlik unsurlarını devreye soktu. Kriz, kaynak zenginliğinin yerel yoksullukla birleştiğinde nasıl şiddet üretebileceğini gösterdi."
"Africa","Namibia","Namibya Bağımsızlığı ve SWAPO","1990","1990","1990s","Devrim/Rejim Degisikligi","Namibya 1990’da bağımsızlığını kazanarak Güney Afrika’nın Apartheid etkisinden çıkan önemli bir örnek oldu. SWAPO’nun liderliği, ulusal kurtuluş mücadelesinin meşruiyetiyle yeni devleti kurdu.

Bağımsızlık, bölgesel güvenlik dengelerini de değiştirdi ve Güney Afrika’nın komşularıyla ilişkilerini normalleştirme sürecini hızlandırdı. Namibya, görece istikrarlı kurumlar inşa ederek Güney Afrika’nın jeopolitik kuşağında farklı bir çizgi çizdi."
"Africa","Niger","2023 Darbe ve Bölgesel Gerilim (ECOWAS)","2023","2023","2020s","Devrim/Rejim Degisikligi","2023’te Nijer’deki darbe, ECOWAS içinde askeri müdahale tehdidi ve yaptırımlar üzerinden büyük bir bölgesel krize yol açtı. Ülkenin uranyum ve güvenlik işbirliği konumu, dış aktörlerin dikkatini artırdı.

Darbe, Sahel’de art arda yaşanan yönetim değişikliklerinin bir halkası olarak görüldü. Bölgesel güvenlik mimarisi, sınır ötesi cihatçı tehdidi ve dış ortaklıklar yeniden tartışmaya açıldı."
"Africa","Nigeria","1966 Darbeleri ve Askerî Dönem Başlangıcı","1966","1979","1960s","Devrim/Rejim Degisikligi","1966’daki darbeler, Nijerya’da etnik gerilimlerin ve merkezî devletin kırılganlığının açık göstergesi oldu. Askerî yönetim, birliği koruma iddiasıyla siyaseti devraldı; ancak çatışma dinamikleri Biafra savaşına giden yolu açtı.

1970’ler ve 1980’lerde tekrarlayan askerî müdahaleler, kurumların sivil denetime yerleşmesini zorlaştırdı. Nijerya’nın petrol gelirleri, hem devlet kapasitesini hem de yolsuzluk riskini aynı anda büyüttü."
"Africa","Nigeria","Biafra Savaşı","1967","1970","1960s","Savas/Catisma","Nijerya’da Biafra’nın ayrılma girişimi, 1967–1970 arasında yıkıcı bir iç savaşa dönüştü. Kuşatma ve kıtlık görüntüleri, modern insani yardım tarihinin sembollerinden biri haline geldi.

Savaş sonrası Nijerya birliğini korudu; fakat etnik rekabet, petrol gelirinin paylaşımı ve merkez-çevre gerilimi devam etti. Biafra hafızası, bugün dahi ayrılıkçı siyaset ve güvenlik politikalarında referans verilen bir kırılmadır."
"Africa","Nigeria","1999 Sivil Yönetime Dönüş","1999","1999","1990s","Devrim/Rejim Degisikligi","1999’da seçimlerle sivil yönetime dönüş, Nijerya’da uzun askerî dönemlerin ardından demokratik kurumları yeniden kurma çabasını başlattı. Olusegun Obasanjo’nun seçilmesi, “darbe döngüsünün kırılması” umudunu güçlendirdi.

Ancak federal sistem, etnik rekabet ve petrol gelirlerinin paylaşımı gibi yapısal sorunlar devam etti. Demokratikleşme, güvenlik (Nijer Deltası, Boko Haram) ve yolsuzlukla mücadeleyle iç içe ilerleyen bir süreç haline geldi."
"Africa","Nigeria","Boko Haram İsyanı ve Terör Dalgası","2009","2021","2000s","Teror Saldirisi","Boko Haram’ın 2009’dan itibaren büyüyen isyanı, kuzeydoğuda katliamlar, kaçırmalar ve şehir saldırılarıyla büyük bir güvenlik krizine dönüştü. Bölgesel ülkelerle ortak operasyonlar ve yerel milisler devreye girdi.

Şiddet, yalnızca güvenliği değil; eğitim, tarım ve yerel ekonomiyi de çökertti. Boko Haram’ın parçalanması ve farklı fraksiyonların ortaya çıkması, tehdidin biçim değiştirerek sürmesine yol açtı."
"Africa","Nigeria","2014 Chibok Kızlarının Kaçırılması","2014","2014","2010s","Teror Saldirisi","2014’te Boko Haram’ın Chibok’ta okuldan yüzlerce kızı kaçırması, küresel çapta tepki yarattı ve #BringBackOurGirls kampanyasına dönüştü. Olay, terörün eğitim ve kadınlar üzerindeki yıkıcı etkisini görünür kıldı.

Kaçırma, Nijerya devletinin güvenlik kapasitesi ve kuzeydoğudaki yönetim boşluğu tartışmalarını derinleştirdi. Aynı zamanda uluslararası istihbarat ve yardım işbirliğinin önemini gündeme taşıdı."
"Africa","Nigeria","2020 #EndSARS Protestoları","2020","2020","2020s","Savas/Catisma","2020’de polis şiddetine karşı başlayan #EndSARS protestoları, gençlerin öncülük ettiği geniş bir hak ve yönetişim hareketine dönüştü. Gösteriler, yolsuzluk, işsizlik ve güvenlik aygıtının hesap verebilirliği gibi başlıkları birleştirdi.

Kriz, devletin güvenlik yaklaşımının meşruiyet sorununu görünür kıldı. Dijital örgütlenme, bağış ağları ve sosyal medya, modern Afrika kent protestolarının yeni araçlarını sergiledi."
"Africa","Rwanda","1990–1994 Ruanda İç Savaşı","1990","1994","1990s","Savas/Catisma","RPF’nin Uganda’dan başlattığı saldırılar, Ruanda’da 1990’dan itibaren iç savaşı tetikledi. Müzakereler ve Arusha Anlaşmaları, geçici bir çözüm umudu yaratsa da radikal söylem ve milis örgütlenmesi hızlandı.

Bu savaşın dinamikleri, 1994’teki soykırıma giden yolu açtı: propaganda, silahlanma ve kimlik siyaseti aynı anda tırmandı. Ruanda örneği, barış süreçlerinin toplumsal nefret üretimiyle eşzamanlı ilerleyebileceğini acı biçimde gösterdi."
"Africa","Rwanda","1994 Sonrası Kagame Dönemi ve Devlet İnşası","1994","2020","1990s","Onemli Lider","Soykırım sonrası RPF’nin iktidarı ve Paul Kagame’nin yükselişi, Ruanda’da güçlü bir devlet inşası ve güvenlik odaklı yeniden yapılanma sürecini başlattı. Ekonomik kalkınma ve kamu yönetiminde disiplin öne çıkarıldı.

Buna karşın siyasal alanın darlığı ve muhalefete baskı iddiaları uluslararası tartışma konusu oldu. Ruanda, travma sonrası yeniden inşada “istikrar–özgürlük” ikilemini en sert biçimde yaşayan örneklerden biridir."
"Africa","Rwanda","1994 Ruanda Soykırımı","1994","1994","1990s","Soykirim","1994’te Hutu aşırıcılarının Tutsi ve ılımlı Hutulara yönelik kitlesel katliamı, birkaç ay içinde yüzbinlerce insanın öldüğü Ruanda Soykırımı’na dönüştü. Devlet aygıtı ve milis şebekeleri, sistematik şiddeti ülke geneline yaydı.

Soykırım, bölgesel güvenliği de çökertti: mülteci akınları ve silahlı gruplar Zaire/DRC’ye taşarak Kongo savaşlarının zeminini hazırladı. Ruanda’da ise güçlü bir güvenlik devleti ve travma sonrası yeniden inşa dönemi başladı."
"Africa","Senegal","Casamance Ayrılıkçı Çatışması","1982","2020","1980s","Savas/Catisma","Senegal’in güneyindeki Casamance bölgesinde ayrılıkçı hareket, 1980’lerden itibaren düşük yoğunluklu bir çatışmaya dönüştü. Zaman zaman ateşkesler olsa da mayınlar, kaçırmalar ve sınır ötesi sığınaklar sorunu uzattı.

Senegal genel olarak istikrarlı bir demokrasi olarak anılsa da Casamance, devletin periferide meşruiyet kurma zorluğunu hatırlatan bir dosya oldu. Müzakereler ve yerel uzlaşı süreçleri, çatışmayı azaltmada belirleyici rol oynadı."
"Africa","Senegal","2000 Demokratik İktidar Değişimi","2000","2000","2000s","Devrim/Rejim Degisikligi","2000 seçimlerinde muhalefetin iktidara gelmesi, Senegal’de barışçıl iktidar değişiminin kurumsallaşması açısından kritik bir an oldu. Ülke, Batı Afrika’da demokrasi için olumlu bir referans noktası olarak görüldü.

Bu dönüşüm, “tek parti mirası”ndan daha rekabetçi siyasete geçişin mümkün olduğunu gösterdi. Yine de ekonomi, genç işsizliği ve Casamance dosyası gibi başlıklar gündemde kalmaya devam etti."
"Africa","Sierra Leone","1991–2002 İç Savaş ve Elmas Ekonomisi","1991","2002","1990s","Savas/Catisma","Sierra Leone iç savaşı, RUF isyanı, çocuk askerler ve sivillere yönelik ağır şiddetle anıldı. “Kan elması” diye bilinen elmas gelirleri, çatışmayı finanse eden bir savaş ekonomisi yarattı.

2002’de savaşın bitmesiyle barış inşası ve mahkemeler üzerinden hesaplaşma süreci başladı. Ülke, doğal kaynakların kötü yönetiminin nasıl güvenlik krizine dönüşebileceğinin ders niteliğinde örneği olarak görülüyor."
"Africa","Somalia","1991 Devlet Çöküşü ve Süregelen İç Savaş","1991","2025","1990s","Savas/Catisma","Siad Barre rejiminin 1991’de çökmesi, Somali’de merkezi devletin dağılmasına ve klan temelli savaş ağalarının yükselmesine yol açtı. Uluslararası müdahaleler ve geçiş hükümetleri denense de ülke uzun süre parçalı bir güvenlik yapısında kaldı.

2000’ler ve 2010’larda El-Şebab’ın yükselişi, terör saldırıları ve Afrika Birliği misyonlarıyla (AMISOM/ATMIS) yürüyen savaş ülkeyi belirledi. Somali örneği, devlet inşası ile güvenlik sağlama arasındaki döngüsel zorluğu temsil ediyor."
"Africa","Somalia","2006–2009 ICU Dönemi ve Etiyopya Müdahalesi","2006","2009","2000s","Savas/Catisma","2006’da İslami Mahkemeler Birliği (ICU) Mogadişu’da düzen sağlayınca, Etiyopya müdahalesi ve sonrasında yaşanan çatışmalar Somali’de yeni bir şiddet döngüsü başlattı. Bu dönem, El-Şebab’ın güç kazanmasına zemin hazırladı.

Müdahale, bölgesel güvenlik kaygılarıyla devlet inşası arayışının çatışmasını gösterdi. Somali’de “dış müdahale–yerel meşruiyet” dengesi, sonraki tüm süreçlerin temel tartışması olarak kaldı."
"Africa","Somalia","2008–2012 Hint Okyanusu Korsanlığı","2008","2012","2000s","Savas/Catisma","Somali açıklarında korsanlık, uluslararası deniz ticaretini tehdit eden küresel bir güvenlik başlığına dönüştü. Devlet otoritesinin zayıflığı ve kıyı ekonomisinin çöküşü, silahlı korsan ağlarının büyümesine imkân verdi.

Uluslararası deniz görev güçleri ve özel güvenlik önlemleri korsanlığı azalttı. Ancak olay, devlet çöküşünün küresel ticaret rotalarına bile hızla yansıyabileceğini göstermesi açısından önemlidir."
"Africa","Somalia","2017 Mogadişu Kamyon Bombası Saldırısı","2017","2017","2010s","Teror Saldirisi","2017’de Mogadişu’da gerçekleşen büyük kamyon bombası saldırısı, Somali’nin yakın tarihindeki en ölümcül terör eylemlerinden biri olarak anıldı. Şehir merkezinde yüzlerce can kaybı ve büyük yıkım yarattı.

Saldırı, devletin güvenlik kapasitesinin sınırlarını ve El-Şebab tehdidinin devamını acı biçimde gösterdi. Aynı zamanda Somali toplumunda dayanışma ve devlet talebini güçlendiren bir “travmatik birleşme” anı yarattı."
"Africa","South Africa","Sharpeville Katliamı","1960","1960","1960s","Soykirim","1960’ta Sharpeville’de pas yasalarını protesto eden kalabalığa ateş açılması, onlarca kişinin ölümüyle sonuçlandı ve Apartheid karşıtı mücadelenin dönüm noktalarından biri oldu. Olay, rejimin şiddet kapasitesini dünyaya gösterdi.

Sharpeville sonrası ANC ve PAC yasaklandı; direniş yer altına indi ve silahlı mücadele tartışmaları güçlendi. Bu kırılma, Güney Afrika’nın sonraki on yıllardaki sertleşen güvenlik düzenine zemin hazırladı."
"Africa","South Africa","1964 Rivonia Davası ve Mandela’nın Hapisliği","1964","1964","1960s","Onemli Lider","Rivonia Davası’nda Nelson Mandela ve ANC kadrolarının ağır cezalara çarptırılması, Apartheid karşıtı mücadelenin liderliğini uzun süre hapishaneye taşıdı. Mandela’nın mahkûmiyeti, rejimin baskı kapasitesini simgelerken aynı zamanda küresel dayanışmayı büyüttü.

Mandela’nın yıllar içinde “direniş ikonu”na dönüşmesi, 1990’lardaki müzakere sürecinin toplumsal meşruiyetini güçlendirdi. Liderliğin sembolik gücü, Güney Afrika geçişinin en kritik kaldıraçlarından biri oldu."
"Africa","South Africa","1976 Soweto Ayaklanması","1976","1976","1970s","Savas/Catisma","1976’da Soweto’da öğrencilerin Apartheid eğitim politikalarına karşı protestosu, polisin ateş açmasıyla büyük bir ayaklanmaya dönüştü. Olay, gençliğin direnişteki rolünü büyüttü ve rejimin uluslararası izolasyonunu hızlandırdı.

Soweto, Apartheid karşıtı mücadelenin ikonik sembolü haline geldi. Hem içeride örgütlenmeyi güçlendirdi hem de dışarıda yaptırım ve boykot çağrılarını yoğunlaştırdı."
"Africa","South Africa","Apartheid’in Sonu ve 1994 Seçimleri","1990","1994","1990s","Devrim/Rejim Degisikligi","1990’larda Nelson Mandela’nın serbest bırakılması ve müzakereler, Apartheid rejiminin barışçıl biçimde sona ermesine giden yolu açtı. 1994’te ilk çok ırklı seçimler yapıldı ve ANC iktidara geldi.

Bu geçiş, uzlaşma siyasetinin ve hak temelli yeni anayasanın simgesi oldu. Ancak eşitsizlik, işsizlik ve suç oranları gibi yapısal sorunlar, “siyasi özgürlük” ile “sosyal adalet” arasındaki gerilimi 2000’lerde ve 2010’larda gündemde tuttu."
"Africa","South Sudan","Güney Sudan Bağımsızlığı ve İç Savaş","2011","2018","2010s","Savas/Catisma","2011’de Güney Sudan’ın bağımsızlığı, Afrika’nın en yeni devletini doğurdu; ancak kurumların zayıflığı ve elit rekabeti kısa sürede çatışmaya dönüştü. 2013’te başlayan iç savaş, etnik çizgilerde kitlesel şiddet ve göç üretti.

2018’de barış anlaşması şiddeti kısmen azalttı, fakat güvenlik sektörü reformu ve güç paylaşımı sorunları sürdü. Petrol gelirine bağımlı ekonomi ve bölgesel müdahaleler, devlet inşasını kırılgan kılan başlıca faktörler oldu."
"Africa","Sudan","İkinci Sudan İç Savaşı","1983","2005","1980s","Savas/Catisma","1983’te yeniden başlayan iç savaş, kuzeydeki merkezî yönetim ile güneydeki SPLM/A arasında uzun ve yıkıcı bir çatışmaya dönüştü. Din, kimlik ve kaynak paylaşımı tartışmaları, savaşın siyasal zeminini oluşturdu.

2005 Barış Anlaşması, Güney Sudan’ın bağımsızlığına giden yolu açtı. Ancak savaşın bıraktığı militarizasyon ve kurum zayıflığı, hem Sudan’da hem Güney Sudan’da sonraki krizlerin altyapısını kurdu."
"Africa","Sudan","Darfur Krizi","2003","2010","2000s","Soykirim","2003’te Darfur’da isyan ve devlet destekli milislerin (Cencevit) karşı operasyonları, kitlesel katliamlar ve zorunlu göçlerle büyük bir insani felakete dönüştü. Uluslararası toplum, savaş suçları ve soykırım tartışmaları üzerinden yoğun baskı kurdu.

Darfur, Sudan’da merkez-çevre ilişkilerinin, etnik gerilimlerin ve kaynak rekabetinin en sert tezahürü oldu. Kriz, uluslararası adalet mekanizmaları ve barış gücü tartışmalarında da dönüm noktası niteliği taşıdı."
"Africa","Sudan","2019 Devrimi ve Askerî-Sivil Gerilim","2019","2021","2010s","Devrim/Rejim Degisikligi","2019’da Ömer el-Beşir’in devrilmesi, Sudan’da geniş bir sivil hareketin zaferi olarak görüldü. Geçiş süreci, sivil-asker ortaklığı ve reform vaadiyle başladı; ancak eski güvenlik yapıları ve ekonomik kriz baskısı sürdü.

2021’deki darbe, geçişi yeniden raydan çıkardı ve ülkeyi yeni bir istikrarsızlık dönemine soktu. Sudan örneği, devrim sonrası güvenlik sektörü reformu yapılmadan demokratikleşmenin ne kadar kırılgan olduğunu gösterdi."
"Africa","Sudan","2023 Sudan İç Savaşı (SAF–RSF)","2023","2025","2020s","Savas/Catisma","2023’te Sudan Silahlı Kuvvetleri (SAF) ile Hızlı Destek Kuvvetleri (RSF) arasında patlayan savaş, Hartum’dan Darfur’a yayılan büyük bir yıkım ve göç dalgası yarattı. Şehir savaşları, altyapı çöküşü ve insani yardım erişim krizi gündemin merkezine oturdu.

Çatışma, Sudan’da devletin “iki silahlı güç” üzerinden bölünmesinin nasıl felakete dönüşebileceğini gösterdi. Bölgesel aktörlerin rekabeti ve ekonomik çıkarlar, barış girişimlerini zorlaştırarak krizi uzattı."
"Africa","Tanzania","1964 Zanzibar Devrimi ve Birleşme","1964","1964","1960s","Devrim/Rejim Degisikligi","1964’te Zanzibar’daki devrim, ada monarşisini devirdi ve kısa sürede Tanganyika ile birleşerek Tanzanya’yı oluşturdu. Bu, Doğu Afrika’da devlet inşasının en kritik kurucu hamlelerinden biriydi.

Birleşme, Zanzibar’ın özerk kimliği ile merkezi devletin dengelenmesi sorununu da beraberinde getirdi. Bugün dahi ada siyaseti, Tanzanya’nın iç jeopolitiğinde ayrı bir ağırlığa sahip."
"Africa","Tanzania","1998 Darüsselam ABD Büyükelçiliği Bombalaması","1998","1998","1990s","Teror Saldirisi","1998’de Darüsselam’daki ABD Büyükelçiliği’ne yapılan saldırı, Nairobi saldırısıyla eş zamanlı gerçekleşerek Doğu Afrika’yı küresel terörün sahnesine çevirdi. Saldırı, kentte büyük can kaybı ve yıkım yarattı.

Olay, Tanzanya’nın iç güvenlik kapasitesi ve bölgesel işbirliği ihtiyacını artırdı. Radikalleşme, sahil şeridi güvenliği ve uluslararası ortaklıklar 2000’lerde daha görünür hale geldi."
"Africa","Tunisia","2010–2011 Yasemin Devrimi","2010","2011","2010s","Devrim/Rejim Degisikligi","Tunus’ta Muhammed Buazizi’nin kendini yakmasıyla başlayan protestolar, kısa sürede Zeynel Abidin Bin Ali’nin ülkeyi terk etmesiyle sonuçlandı. Bu olay, Arap Baharı’nın kıvılcımı olarak bölgesel bir domino etkisi yarattı.

Tunus, 2010’lar boyunca görece çoğulcu bir siyasi süreç yürütmeye çalıştı; ancak ekonomi, güvenlik ve kurumsal krizler geçişi zorladı. 2020’lerde ise güç yoğunlaşması tartışmaları yeniden yükseldi."
"Africa","Tunisia","2015 Bardo Müzesi ve Sousse Saldırıları","2015","2015","2010s","Teror Saldirisi","2015’te Tunus’ta Bardo Müzesi ve Sousse sahil bölgesinde düzenlenen saldırılar, turizme dayalı ekonomiyi ve yeni demokratik geçişi ağır biçimde sarstı. Saldırılar, yabancı turistleri hedef alarak ülkeyi küresel manşetlere taşıdı.

Bu dalga, güvenlik yasalarının sertleşmesine ve istihbarat kapasitesinin artırılmasına yol açtı. Aynı zamanda Tunus’ta özgürlük–güvenlik dengesinin geçiş dönemlerinde ne kadar kırılgan olduğunu gösterdi."
"Africa","Uganda","Idi Amin Dönemi","1971","1979","1970s","Devrim/Rejim Degisikligi","1971’de iktidarı ele geçiren Idi Amin, Uganda’yı ağır baskı, keyfi infazlar ve ekonomik çöküşle anılan bir diktatörlüğe sürükledi. Azınlık gruplara yönelik saldırılar ve Hintli topluluğun sürülmesi, toplumsal dokuyu tahrip etti.

1979’da Tanzanya’nın müdahalesi ve iç muhalefetin ilerleyişiyle rejim devrildi. Uganda’da devlet kapasitesi ve güvenlik kurumlarının siyasallaşması, bu dönemin uzun gölgelerinden biri olarak kaldı."
"Africa","Uganda","1978–1979 Uganda–Tanzanya Savaşı","1978","1979","1970s","Savas/Catisma","Idi Amin’in Tanzanya’ya yönelik saldırıları, Tanzanya ordusunun karşı harekâtıyla Uganda’ya girip Kampala’yı almasına kadar uzanan bir savaşı tetikledi. Bu savaş, Afrika’da rejim değişimine yol açan nadir sınır savaşlarından biri oldu.

Amin’in devrilmesi sonrası Uganda uzun süre istikrarsız kaldı. Savaş, bölgesel güvenlikte “komşu müdahalesi”nin meşruiyeti ve maliyeti üzerine de önemli tartışmalar doğurdu."
"Africa","Uganda","LRA İsyanı ve Kuzey Uganda Krizi","1987","2006","1980s","Teror Saldirisi","Lord’s Resistance Army (LRA), kaçırmalar ve çocuk asker kullanımıyla 1990’lar ve 2000’lerin başında Kuzey Uganda’da büyük bir insani kriz yarattı. Köy baskınları ve zorla yer değiştirme, bölgeyi toplu kamplara itti.

LRA tehdidi zamanla komşu ülkelere yayıldı ve bölgesel operasyonları tetikledi. İsyan, “düşük teknoloji” ama yüksek vahşetle yürüyen silahlı hareketlerin devletleri nasıl yıpratabileceğine dair çarpıcı bir örnek oldu."
"Africa","Uganda","2010 Kampala Dünya Kupası Bombalamaları","2010","2010","2010s","Teror Saldirisi","2010’da Kampala’da Dünya Kupası finali sırasında düzenlenen bombalı saldırılar, El-Şebab’ın bölgesel hedef seçme kapasitesini gösterdi. Saldırılar, Uganda’nın Somali’deki askeri varlığına misilleme olarak yorumlandı.

Olay, Uganda’da iç güvenlik politikalarını sertleştirdi ve bölgesel terörle mücadele koordinasyonunu artırdı. Büyük etkinlik güvenliği ve istihbarat işbirliği, güvenlik gündeminin merkezine yerleşti."
"Africa","Zimbabwe","Bağımsızlık (1980) ve Mugabe Dönemi","1980","2017","1980s","Onemli Lider","1980’de bağımsızlıkla Robert Mugabe ülkenin kurucu lideri olarak öne çıktı. İlk yıllarda eğitim ve sağlıkta ilerlemeler görülse de zamanla muhalefete baskı, ekonomik yönetim sorunları ve toprak reformunun sert uygulanması ülkeyi krize sürükledi.

2000’lerde hiperenflasyon ve izolasyon Zimbabwe’yi yıprattı. 2017’de ordunun müdahalesiyle Mugabe’nin devrilmesi, “kurucu liderlik”ten “kurumsal geçiş”e zor bir dönemeç olarak tarihe geçti."
"Africa","Zimbabwe","2017 Askerî Müdahale ve Mugabe’nin Gidişi","2017","2017","2010s","Devrim/Rejim Degisikligi","2017’de ordu, iktidar içi hizip kavgası ve ardıllık krizinin büyümesiyle müdahale ederek Robert Mugabe’yi istifaya zorladı. Resmî söylem “darbe değil” dese de fiilen yönetim değişimi yaşandı.

Müdahale, Zimbabwe’de parti-devlet-ordu ilişkilerinin ne kadar iç içe geçtiğini gösterdi. Beklenen ekonomik toparlanma ve demokratik açılım ise daha karmaşık bir süreç olarak ilerledi."
"South America","Argentina","1930 Darbesi ve 'Infame Decade' başlangıcı","1930","1932","1930s","Devrim/Rejim Degisikligi","1930’da ordu, Başkan Hipólito Yrigoyen’i devirerek Arjantin’de modern dönemin darbe geleneğini başlattı. Bu müdahale, seçim manipülasyonları, patronaj ağları ve ekonomik krizle iç içe geçen “Infame Decade” (Utanç On Yılı) denilen dönemi tetikledi.

Bu kırılma, sivil siyaset–ordu ilişkilerini uzun süreli biçimde zehirledi; Peronizm’in yükselişine giden sosyal kutuplaşmayı ve devletin ekonomideki rolünü artıran yönelimleri de hızlandırdı."
"South America","Argentina","Perón dönemi ve 1955 darbesi","1946","1955","1940s","Devrim/Rejim Degisikligi","Juan Domingo Perón’un 1946’da iktidara gelişi, işçi hareketinin güçlenmesi, sendikalaşma ve “üçüncü yol” söylemiyle Arjantin siyasetini yeniden kurdu. Aynı zamanda muhalefetle sertleşen bir çatışma, basın ve kurumlar üzerinde baskı tartışmaları doğurdu.

1955’te ordu Perón’u devirdi; Peronizm yasaklandı ve ülke “Peronist–anti-Peronist” hattında kalıcı bir fay hattına oturdu. Bu kutuplaşma, sonraki on yıllarda darbeler ve şiddet dalgaları için zemin hazırladı."
"South America","Argentina","1976–1983 Askerî Cunta ve 'Kirli Savaş'","1976","1983","1970s","Savas/Catisma","1976’daki darbe sonrası kurulan cunta, sol örgütlere ve muhaliflere karşı “Kirli Savaş” adıyla bilinen sistematik baskı ve zorla kaybetmelerle anıldı. Devlet şiddeti, gizli gözaltı merkezleri ve toplumsal korku üzerinden yürütüldü.

Cunta ayrıca ekonomik olarak dış borçlanmayı artırdı ve kurumları zayıflattı. 1982’deki Falkland/Malvinas Savaşı yenilgisi rejimi sarstı; 1983’te demokrasiye dönüş başladı."
"South America","Argentina","Falkland/Malvinas Savaşı","1982","1982","1980s","Savas/Catisma","Arjantin cuntasının Falkland/Malvinas Adaları’nı işgali, Birleşik Krallık’la kısa ama yoğun bir savaşa yol açtı. Savaş, deniz ve hava unsurlarının belirleyici olduğu klasik bir “uzak adalar” çatışmasıydı.

Yenilgi, Arjantin’de cuntanın meşruiyetini bitirdi ve demokrasiye geçişi hızlandırdı. Ada egemenliği meselesi ise bugün hâlâ ulusal kimlik ve dış politika söyleminde güçlü bir yer tutuyor."
"South America","Argentina","1983 Demokrasiye Dönüş ve Alfonsín","1983","1983","1980s","Devrim/Rejim Degisikligi","1983’te Raúl Alfonsín’in seçilmesi, Arjantin’de askerî rejim sonrası demokrasiye dönüşün simgesi oldu. Cunta suçlarının yargılanması (Junta Trials) ve insan hakları gündemi öne çıktı.

Demokrasiye geçiş, kurumların yeniden inşası açısından kritik olsa da ekonomik krizler ve askerî baskı girişimleri süreci zorladı. Yine de 1983, modern Arjantin’in “demokratik başlangıç” tarihi olarak kabul edilir."
"South America","Argentina","2001–2002 Ekonomik Çöküş ve Siyasal Kriz","2001","2002","2000s","Devrim/Rejim Degisikligi","2001’de sabit kur rejimi ve borç krizi çökerken bankacılık kısıtlamaları (corralito) ve kitlesel protestolar patladı. Birkaç hafta içinde başkanlar değişti; sokak siyaseti, yağmalar ve güvenlik güçleriyle çatışmalar yaşandı.

Kriz, yoksulluğu ve işsizliği artırarak devlet–toplum ilişkisinde büyük bir güven erozyonu yarattı. 2000’ler boyunca daha müdahaleci ekonomik politikalar ve sosyal programlar bu travmanın gölgesinde şekillendi."
"South America","Bolivia","1952 Bolivya Ulusal Devrimi","1952","1952","1950s","Devrim/Rejim Degisikligi","1952’de MNR öncülüğünde gerçekleşen Ulusal Devrim, oy hakkının genişletilmesi, madenlerin kamulaştırılması ve toprak reformu gibi radikal adımlarla Bolivya’yı yeniden kurmayı hedefledi. Yerli çoğunluğun siyasete katılımı arttı.

Devrim, Bolivya’da toplumsal eşitlik taleplerini kurumsallaştırsa da ekonomi ve devlet kapasitesi sorunları çözülemedi. Sonraki darbeler ve kırılmalar, bu “kurucu an”ın yarım kalan vaatleri etrafında döndü."
"South America","Bolivia","2000 'Su Savaşı' ve Sosyal Hareketlerin Yükselişi","2000","2000","2000s","Savas/Catisma","Cochabamba’da su hizmetlerinin özelleştirilmesine karşı başlayan protestolar, kısa sürede ülke çapında bir “Su Savaşı”na dönüştü. Gösteriler, güvenlik güçleriyle çatışmalar ve geri adım atmak zorunda kalan hükümetle sonuçlandı.

Bu olay, Bolivya’da sosyal hareketlerin siyasal gücünü artırdı ve 2000’ler boyunca yerli hareketi ve sol popülizmin yükselişine zemin hazırladı. Doğal kaynaklar ve kamusal hizmetler, ülkenin ana siyasi çatışma başlığı haline geldi."
"South America","Bolivia","2019 Seçim Krizi ve İktidar Değişimi","2019","2020","2010s","Devrim/Rejim Degisikligi","2019 seçimleri sonrası hile iddiaları ve sokak protestoları, Evo Morales’in istifasıyla sonuçlanan büyük bir siyasal krize dönüştü. Geçici yönetim ve sert çatışmalar, ülkeyi kutuplaştırdı.

2020’de seçimle MAS’ın geri dönüşü, krizin bir kısmını sandık yoluyla kapattı; ancak “darbe mi, halk ayaklanması mı” tartışması Bolivya siyasetinde kalıcı bir ayrışma bıraktı. Kurumlara güven ve etnik-sınıfsal fay hatları daha görünür oldu."
"South America","Brazil","Vargas dönemi ve Estado Novo","1930","1945","1930s","Devrim/Rejim Degisikligi","Getúlio Vargas 1930’da iktidara gelerek merkeziyetçi bir modernleşme çizgisi izledi. 1937’de “Estado Novo” ile otoriter bir rejim kuruldu; devletçilik ve sanayileşme teşvik edilirken siyasal özgürlükler daraldı.

Bu dönem, Brezilya’da ulus-devlet kapasitesinin artması ve çalışma yasalarının güçlenmesiyle anılır. 1945’te Vargas’ın devrilmesiyle çok partili döneme geçildi, ancak merkeziyetçilik geleneği kalıcı oldu."
"South America","Brazil","1932 São Paulo Anayasa Devrimi","1932","1932","1930s","Savas/Catisma","1932’de São Paulo elitleri ve birlikleri, Vargas yönetimine karşı “anayasal düzen” talebiyle ayaklandı. Kısa süren çatışmalar yenilgiyle sonuçlandı ancak hareket, federal-sivil denge ve anayasal yönetim tartışmasını ülke gündemine yerleştirdi.

Sonuçta Vargas yönetimi anayasa sürecini hızlandırdı. Olay, Brezilya’da bölgesel güç merkezlerinin ulusal siyasetteki ağırlığını gösteren önemli bir kırılma olarak hatırlanır."
"South America","Brazil","1964 Askerî Darbesi ve Askerî Rejim","1964","1985","1960s","Devrim/Rejim Degisikligi","1964’te ordu yönetime el koyarak yaklaşık yirmi yıl sürecek askerî rejimi kurdu. Soğuk Savaş bağlamında “komünizmle mücadele” gerekçesi öne çıktı; siyasal partiler kısıtlandı ve muhalefet ağır baskı gördü.

Rejim döneminde altyapı yatırımları ve büyüme dalgaları yaşansa da işkence, sansür ve hak ihlalleri hafızaya kazındı. 1980’lerin ortasında sivil yönetime dönüş, yeni anayasa ve demokratik kurumların inşasıyla geldi."
"South America","Brazil","1988 Anayasası ve Yeni Demokratik Dönem","1988","1988","1980s","Devrim/Rejim Degisikligi","1988 Anayasası, askerî dönem sonrası Brezilya’nın demokratik yeniden kuruluş belgesi oldu. Temel haklar, sosyal politika taahhütleri ve federal yapı güçlendirildi; seçimler ve kurumlar daha sağlam bir çerçeveye oturdu.

Anayasa, kamu hizmetleri ve sosyal güvenlik alanında geniş sorumluluklar tanımlayarak eşitsizlikle mücadelede referans noktası haline geldi. Öte yandan mali disiplin ve siyasal parçalanma tartışmaları da bu çerçevenin içinde büyüdü."
"South America","Brazil","2014–2016 Siyasi Kriz ve Dilma Rousseff’in Azli","2014","2016","2010s","Devrim/Rejim Degisikligi","2014 sonrası ekonomik durgunluk, yolsuzluk soruşturmaları (özellikle Petrobras çevresinde) ve kutuplaşma Brezilya siyasetini kilitledi. Sokak protestoları ve parlamento çekişmeleri giderek yoğunlaştı.

2016’da Başkan Dilma Rousseff görevden alındı; süreç “mali usulsüzlük” gerekçeleriyle yürüdü ancak meşruiyet tartışmaları doğurdu. Bu kırılma, 2010’ların ikinci yarısında popülist söylemlerin ve sert ideolojik kamplaşmanın önünü açtı."
"South America","Brazil","Rio de Janeiro Olimpiyatları ve Güvenlik Tartışmaları","2016","2016","2010s","Savas/Catisma","2016 Olimpiyatları, Brezilya’nın küresel vitrine çıkma anıydı; aynı zamanda ekonomik kriz ve güvenlik sorunlarıyla gölgelendi. Rio’da çete şiddeti, polis operasyonları ve favelalarda kontrol mücadelesi gündemi belirledi.

Olimpiyat dönemi, “mega etkinlikler”in kent dönüşümü ve güvenlik politikalarını nasıl hızlandırdığını gösterdi. Uzun vadede ise sosyal eşitsizlik, kamu harcamaları ve güvenlikte militarizasyon tartışmaları devam etti."
"South America","Chile","1960 Büyük Valdivia Depremi ve Siyasi-Ekonomik Etki","1960","1960","1960s","Savas/Catisma","1960 Valdivia depremi, kaydedilen en büyük depremlerden biri olarak Şili’yi ağır biçimde vurdu. Altyapı ve yerleşimler çökerken, tsunami Pasifik boyunca etkiler yarattı.

Felaket, devletin afet kapasitesi ve yeniden inşa politikalarını belirledi; Şili’de planlama, konut ve kamu yatırımları tartışmalarının uzun vadeli referanslarından biri haline geldi."
"South America","Chile","1970 Allende’nin Seçilmesi ve Soğuk Savaş Gerilimi","1970","1973","1970s","Devrim/Rejim Degisikligi","Salvador Allende’nin 1970’te iktidara gelişi, Latin Amerika’da demokratik yolla sosyalist dönüşüm arayışının simgesi oldu. Kamulaştırmalar ve gelir dağılımı politikaları destek bulurken, ekonomik kriz ve dış baskılar gerilimi artırdı.

Bu süreç, Şili’yi Soğuk Savaşın sert cepheleşmesine taşıdı: içeride sınıf çatışması, dışarıda jeopolitik rekabet aynı anda çalıştı. 1973 darbesi, bu denemenin dramatik sonu olarak hafızaya kazındı."
"South America","Chile","1973 Darbesi ve Pinochet Dönemi","1973","1990","1970s","Devrim/Rejim Degisikligi","1973’te ordu, Başkan Salvador Allende’yi devirerek Augusto Pinochet liderliğinde askerî rejim kurdu. Rejim, muhalefete yönelik geniş çaplı baskı, işkence ve sürgünlerle anıldı; aynı zamanda neoliberal ekonomik reformlar uygulandı.

1990’da demokrasiye dönüş olsa da anayasal miras ve toplumsal travmalar uzun süre siyaseti belirledi. 2019’dan itibaren anayasa tartışmaları ve protestolar, bu dönemin “tam kapanmamış” hesabını yeniden açtı."
"South America","Chile","2019 Toplumsal Patlama ve Anayasa Süreci","2019","2023","2010s","Devrim/Rejim Degisikligi","2019’da toplu taşıma zammıyla tetiklenen protestolar, kısa sürede eşitsizlik, yaşam maliyeti ve sistem eleştirisine dönüştü. Milyonlar sokağa çıktı; güvenlik güçleriyle çatışmalar ve insan hakları ihlali iddiaları gündeme geldi.

Krizin siyasi çıktısı, yeni bir anayasa yazma girişimiydi. Referandumlar ve taslaklar üzerinden ilerleyen süreç, toplumsal uzlaşının ne kadar zor olduğunu gösterdi; yine de Pinochet mirasıyla hesaplaşmanın ana kanalı haline geldi."
"South America","Colombia","Kolombiya İç Savaşı ve FARC/ELN Çatışması","1964","2016","1960s","Savas/Catisma","1960’lardan itibaren FARC ve ELN gibi silahlı örgütlerle devlet arasındaki çatışma, uyuşturucu ekonomisi ve paramiliter güçlerin de katılımıyla çok katmanlı bir iç savaşa dönüştü. Kırsalda kontrol alanları, kaçırmalar ve zorunlu göçler toplumsal dokuyu parçaladı.

2016’da FARC’la barış anlaşması imzalanması kritik bir dönemeçti; ancak silahlı grupların parçalanması, yeni suç ağları ve ELN gibi aktörlerle süren gerilim nedeniyle şiddet bütünüyle bitmedi. Barışın “uygulanması” hâlâ en büyük sınav olarak görülüyor."
"South America","Colombia","Pablo Escobar Dönemi ve Kartel Şiddeti","1984","1993","1980s","Savas/Catisma","Medellín Karteli ve Pablo Escobar’ın yükselişi, Kolombiya’yı bombalamalar, suikastlar ve devlet kurumlarına sızma girişimleriyle sarsan bir “narco-terör” dönemine soktu. Uyuşturucu geliri, silahlı grupları ve yolsuzluğu besledi.

1993’te Escobar’ın ölümüyle bir dönem kapansa da uyuşturucu rotaları ve örgütleri biçim değiştirerek devam etti. Bu miras, güvenlik politikaları ve barış süreçlerinde her zaman arka planda etkili oldu."
"South America","Colombia","1985 Adalet Sarayı Baskını","1985","1985","1980s","Teror Saldirisi","M-19 gerillasının Bogota’daki Adalet Sarayı’nı basması, devletin karşı operasyonuyla birlikte ülke tarihinin en kanlı olaylarından birine dönüştü. Yangın ve çatışmalar sonucu çok sayıda yargı mensubu ve sivil hayatını kaybetti.

Olay, Kolombiya’da devlet şiddeti, kayıplar ve hesap verebilirlik tartışmalarını derinleştirdi. Aynı zamanda gerilla–devlet çatışmasının kent merkezine taşınabileceğini göstererek toplumda kalıcı bir travma yarattı."
"South America","Colombia","2016 Barış Anlaşması Referandumu ve Uygulama","2016","2018","2010s","Devrim/Rejim Degisikligi","2016’da FARC ile barış anlaşması imzalandı; ancak referandumda anlaşma az farkla reddedildi ve metin revize edilerek yürürlüğe girdi. Bu, barışın toplumsal meşruiyetinin ne kadar hassas olduğunu gösterdi.

Uygulama süreci; kırsal reform, silah bırakma, adalet mekanizmaları ve eski savaşçıların entegrasyonu gibi zorlu başlıklara dayandı. Sonraki yıllarda şiddetin tamamen bitmemesi, “barış sonrası güvenlik” sorununu gündemde tuttu."
"South America","Colombia","2021 Vergi Protestoları ve Toplumsal Gerilim","2021","2021","2020s","Savas/Catisma","2021’de vergi reformu girişimi, pandemi sonrası ekonomik baskıların da etkisiyle ülke çapında büyük protestoları tetikledi. Gösteriler haftalar sürdü; polis müdahalesi ve hak ihlali iddiaları uluslararası gündeme taşındı.

Protestolar, genç işsizliği, eşitsizlik ve devletin güvenlik yaklaşımı üzerine yeni bir siyasal tartışma dalgası yarattı. 2020’lerin Kolombiya siyaseti bu toplumsal basınç altında şekillenmeye devam ediyor."
"South America","Ecuador","2022 Ulusal Grevler ve Yakıt/Yaşam Maliyeti Protestoları","2022","2022","2020s","Savas/Catisma","2022’de yerli örgütlerin öncülük ettiği kitlesel grev ve protestolar, yakıt fiyatları ve yaşam maliyeti baskısı etrafında büyüdü. Başkent Quito dahil birçok bölgede yollar kapatıldı; güvenlik güçleriyle çatışmalar yaşandı.

Bu dalga, Ekvador’da sosyal taleplerin siyaset üzerindeki belirleyici ağırlığını gösterdi. Aynı zamanda devletin mali alanının daralmasıyla “sosyal barış” arasındaki gerilimi görünür kıldı."
"South America","Ecuador","2023 Başkan Adayı Suikastı ve Güvenlik Krizi","2023","2023","2020s","Teror Saldirisi","2023’te başkan adayı Fernando Villavicencio’nun seçim kampanyası sırasında öldürülmesi, Ekvador’da hızla büyüyen organize suç ve çete şiddetini dünyaya gösterdi. Ülke, uyuşturucu rotalarında kritik bir geçiş noktasına dönüşürken cinayet oranları yükseldi.

Suikast, siyasetin güvenlik gündemine kilitlenmesine yol açtı. Olağanüstü hal, cezaevi isyanları ve “devlet kapasitesi” tartışmaları 2020’lerin Ekvadorunda rejimin ana stres testi haline geldi."
"South America","Guyana","1966 Bağımsızlık ve Sınır Anlaşmazlıkları","1966","1966","1960s","Savas/Catisma","Guyana 1966’da Birleşik Krallık’tan bağımsız olurken, özellikle Venezuela ile Essequibo bölgesi üzerindeki sınır ihtilafı ülkenin güvenlik gündemini kalıcı biçimde belirledi. Soğuk Savaş yıllarında iç siyaset de ideolojik rekabetle keskinleşti.

Sınır tartışmaları, petrol ve doğal kaynakların keşfiyle 21. yüzyılda yeniden stratejik önem kazandı. Bu durum Guyana’yı bölgesel diplomasi ve savunma planlamasında daha görünür bir aktöre dönüştürdü."
"South America","Paraguay","Stroessner Diktatörlüğü","1954","1989","1950s","Devrim/Rejim Degisikligi","Alfredo Stroessner’in 1954’te iktidara gelişi, Paraguay’da Latin Amerika’nın en uzun soluklu diktatörlüklerinden birini başlattı. Tek parti hegemonyası, güvenlik aygıtı ve patronaj ağıyla yönetim sürdürüldü.

1989’da Stroessner’in devrilmesiyle demokratikleşme başladı, ancak kurumlar ve yolsuzlukla mücadele uzun süreli bir sorun olarak kaldı. Diktatörlük mirası, devlet kapasitesi ve siyasal kültürde hâlâ hissediliyor."
"South America","Peru","Shining Path (Sendero Luminoso) İsyanı","1980","2000","1980s","Teror Saldirisi","1980’lerde Maoist Shining Path (Sendero Luminoso) isyanı, Peru’nun kırsal bölgelerinde yoğun şiddet üretti. Bombalı saldırılar, infazlar ve köy baskınlarıyla devlet otoritesi sarsılırken, güvenlik güçlerinin sert karşılığı da ağır hak ihlallerine yol açtı.

Çatışma, özellikle yerli toplulukları ve yoksul bölgeleri vurdu; ülke genelinde korku ve göç dalgaları oluşturdu. 1990’ların başında örgütün lider kadrosunun yakalanmasıyla şiddet azalsa da travma ve toplumsal yaralar uzun süre kaldı."
"South America","Peru","1992 Fujimori’nin 'Oto-darbe'si","1992","1992","1990s","Devrim/Rejim Degisikligi","Başkan Alberto Fujimori 1992’de kongreyi feshedip yargıyı yeniden düzenleyerek “oto-darbe” (autogolpe) gerçekleştirdi. Gerekçe olarak terörle mücadele ve yönetim tıkanması öne sürüldü, ancak demokratik kurumlar ağır darbe aldı.

Bu hamle, kısa vadede güvenlik politikalarını sertleştirip isyanla mücadeleyi kolaylaştırdı; uzun vadede ise otoriterleşme, yolsuzluk ve insan hakları ihlali iddialarıyla anılan bir dönemi açtı. 2000’lerde Fujimori mirası Peru siyasetinde kutuplaştırıcı bir başlık olmaya devam etti."
"South America","Peru","2022–2023 Siyasi Kriz ve Protestolar","2022","2023","2020s","Savas/Catisma","2022’de Başkan Pedro Castillo’nun görevden alınması ve ardından tutuklanması, Peru’da geniş protestoları tetikledi. Gösteriler özellikle güney bölgelerde yoğunlaştı; güvenlik güçleriyle çatışmalar ve can kayıpları yaşandı.

Kriz, Lima merkezli siyasetle taşra/yerli bölgeler arasındaki temsil sorununu tekrar görünür kıldı. Erken seçim, anayasa ve kurumlara güven meseleleri 2020’lerin ana gündemlerinden biri haline geldi."
"South America","Suriname","1980 Darbesi ve İç Savaş","1980","1992","1980s","Savas/Catisma","1980’deki darbe Surinam’da askeri yönetimi başlattı; ardından 1980’lerin ortasında hükümet güçleri ile Jungle Commando arasında iç çatışma yaşandı. Bu süreç, insan hakları ihlali iddiaları ve ekonomik kırılganlıkla birleşti.

1990’ların başında demokratikleşme ve barışla birlikte ülke daha istikrarlı bir çizgiye girdi. Yine de küçük ölçekli devletlerde kurumların kırılganlığı ve dış ekonomik bağımlılık, jeopolitik tartışmaların merkezinde kaldı."
"South America","Uruguay","Tupamaros ve Askerî Rejim","1968","1985","1960s","Savas/Catisma","1960’ların sonundan itibaren Tupamaros kent gerillası, kaçırmalar ve silahlı eylemlerle Uruguay’ı istikrarsızlaştırdı. Devletin sert karşılığı ve olağanüstü hâl uygulamaları, 1973’te askerî rejime giden yolu açtı.

1985’te demokrasiye dönüş, insan hakları ve geçmişle yüzleşme tartışmalarını gündeme taşıdı. Uruguay’ın “küçük ülke” olmasına rağmen Soğuk Savaş kutuplaşmasından sert biçimde etkilenmesi bu dönemde netleşti."
"South America","Venezuela","1958 Pérez Jiménez’in Devrilmesi ve Demokrasi","1958","1958","1950s","Devrim/Rejim Degisikligi","1958’de askeri diktatör Marcos Pérez Jiménez’in devrilmesiyle Venezuela’da uzun bir demokratik dönem başladı. Partiler arası “Pacto de Puntofijo” uzlaşısı, darbeleri engellemek ve istikrar sağlamak amacı taşıyordu.

Petrol gelirleri, sosyal politikaları ve büyümeyi destekledi; ancak gelir bağımlılığı ve yolsuzluk eleştirileri birikti. Bu birikim, 1990’larda sistem karşıtı dalganın yükselmesine zemin hazırladı."
"South America","Venezuela","1989 Caracazo İsyanı","1989","1989","1980s","Savas/Catisma","1989’da kemer sıkma politikaları ve ulaşım zamları, Caracas’ta büyük isyan ve yağmalara yol açtı. Devletin sert müdahalesi yüzlerce kişinin ölümüyle anılan bir travmaya dönüştü.

Caracazo, Puntofijo düzenine güveni derinden sarstı ve 1990’larda sistem karşıtı siyasetin yükselişine zemin hazırladı. Venezuela’da “toplumsal patlama” hafızası, sonraki on yılların siyasal dilini şekillendirdi."
"South America","Venezuela","1992 Darbe Girişimleri ve Chávez’in Yükselişi","1992","1998","1990s","Devrim/Rejim Degisikligi","1992’de Hugo Chávez’in öncülük ettiği darbe girişimleri başarısız oldu ama toplumdaki sisteme öfkeyi görünür kıldı. Ekonomik kriz, kemer sıkma ve “Caracazo” sonrası travma, geleneksel partilerin meşruiyetini erozyona uğratmıştı.

Chávez 1998’de seçimle iktidara gelerek “Bolivarcı Devrim”i başlattı. Bu dönüşüm, kurumsal yeniden yapılanma, kutuplaşma ve petrol ekonomisi üzerinden süren büyük bir siyasi-ekonomik deney olarak 2000’lere damga vurdu."
"South America","Venezuela","2014–2020 Ekonomik Çöküş ve Göç Krizi","2014","2020","2010s","Savas/Catisma","Petrol fiyatlarının düşmesi, ekonomik yönetim sorunları ve yaptırımların etkisiyle Venezuela’da hiperenflasyon ve temel mal kıtlığı derinleşti. Sokak protestoları, güvenlik güçlerinin sert müdahaleleri ve siyasal meşruiyet tartışmaları ülkeyi kilitledi.

Sonuç, Latin Amerika’nın yakın tarihindeki en büyük göç dalgalarından biri oldu. Milyonlarca Venezuelalı komşu ülkelere gitti; bu da bölgesel siyaset, sınır yönetimi ve sosyal hizmetler üzerinde kalıcı baskı yarattı."
"South America","Venezuela","2019 Kurumsal İkilik ve Başkanlık Krizi","2019","2019","2010s","Devrim/Rejim Degisikligi","2019’da muhalefet lideri Juan Guaidó’nun geçici başkan ilanı, Venezuela’da “iki meşruiyet”li bir kurumsal kriz yarattı. Bir yanda Nicolás Maduro yönetimi, diğer yanda muhalefetin tanınma arayışı ve dış destekler vardı.

Kriz, uluslararası rekabetin ve yaptırım politikasının Venezuela iç siyasetini nasıl şekillendirdiğini gösterdi. Çözüm arayışları müzakerelerle sürse de toplumsal maliyet ve göç baskısı devam etti."
